Source File	Size	loadResources	load-configure	scan	loadDepInfo	loadInfo	load	generateSnapshots	checkR4R4B	generateNarratives	validate	loadLists	checkConformanceResources	checkConformanceResources2	checkConformanceResources3	generateLogicalMaps	validateExpressions	scanForUsageStats	checkURLsUnique	processProvenanceDetails	generate1	generate2	generateLogicals	makeDependencies	generateExampleZip	generateValidationPack	scanProfilesForR5	scanExamplesForR5
/fsh-generated/resources/ImplementationGuide-openmrs.fhir.core.json	82371	-	0	0	0	0	0	0	10	189	0	0	0	0	0	0	0	2	1	0	347	469	0	0	0	17	0	2
fsh-generated/resources/AllergyIntolerance-5b829d01-34bb-47d1-b1bb-9303c3a9ebc.json	1250	5	0	0	0	1	0	0	0	428	0	0	0	0	0	0	0	0	0	0	14	27	0	0	0	0	0	0
fsh-generated/resources/CodeSystem-encounter-type.json	1953	3	1	0	1	0	0	0	1	7	0	0	1	0	0	0	0	0	0	0	18	1372	0	0	0	0	0	0
fsh-generated/resources/Condition-a6867095-e2b1-4a68-9aaa-0d161a37ce9c.json	617	1	0	0	0	0	0	0	0	3	0	0	0	0	0	0	0	0	0	0	9	11	0	0	0	0	0	0
fsh-generated/resources/DiagnosticReport-8a849d5e-6011-4279-a124-40ada5a687de.json	689	2	0	0	0	0	0	0	0	76	0	0	0	0	0	0	0	0	0	0	10	10	0	0	0	0	0	0
fsh-generated/resources/Encounter-5b829d01-34bb-47d1-b1bb-9303c3a9ebcb.json	850	2	0	0	0	0	0	0	0	151	0	0	0	0	0	0	0	0	0	0	10	12	0	0	0	0	0	0
fsh-generated/resources/Group-bc572131-c234-436f-9194-00287759a3e4.json	622	2	0	0	0	0	0	0	0	2	0	0	0	0	0	0	0	0	0	0	9	8	0	0	0	0	0	0
fsh-generated/resources/Immunization-d48df5c7-605f-4f7b-88b3-f7235b474663.json	867	2	0	0	0	0	0	0	0	89	0	0	0	0	0	0	0	0	0	0	13	11	0	0	0	0	0	0
fsh-generated/resources/Location-a3b793f0-eb53-4cda-92ce-fe0a77106252.json	1023	2	0	0	0	0	0	0	0	2	0	0	0	0	0	0	0	0	0	0	11	11	0	0	0	0	0	0
fsh-generated/resources/Medication-f49e4247-528a-4cfd-8856-de161d03fa76.json	827	1	0	0	0	0	0	0	0	1	0	0	0	0	0	0	0	0	0	0	12	8	0	0	0	0	0	0
fsh-generated/resources/MedicationDispense-1e2edf7a-89f2-4694-8412-49c99770aed6.json	1458	2	0	0	0	0	0	0	0	15	0	0	0	0	0	0	0	0	0	0	15	18	0	0	0	0	0	0
fsh-generated/resources/MedicationRequest-OMRSMedicationRequestExample.json	1700	2	0	0	0	0	0	0	0	6	0	0	0	0	0	0	0	0	0	0	12	15	0	0	0	0	0	0
fsh-generated/resources/Observation-example-openmrs-Observation.json	1411	2	0	0	0	0	0	0	0	5	0	0	0	0	0	0	0	0	0	0	12	12	0	0	0	0	0	0
fsh-generated/resources/Organization-e05c3693-4bcf-4e14-8900-86582265c659.json	152	3	0	0	0	0	0	0	0	0	0	0	0	0	0	0	0	0	0	0	8	7	0	0	0	0	0	0
fsh-generated/resources/Patient-example-openmrs-Patient.json	1232	3	0	0	0	0	0	0	0	1	0	0	0	0	0	0	0	0	0	0	10	10	0	0	0	0	0	0
fsh-generated/resources/Person-68f44d7f-eb5a-40e9-aa4d-0cc0cc522866.json	876	3	0	0	0	0	0	0	0	2	0	0	0	0	0	0	0	0	0	0	8	7	0	0	0	0	0	0
fsh-generated/resources/Practitioner-7a9e2727-11ee-47ae-8af5-1dcf5337f7c2.json	705	2	0	0	0	0	0	0	0	1	0	0	0	0	0	0	0	0	0	0	8	6	0	0	0	0	0	0
fsh-generated/resources/RelatedPerson-RelatedPersonExample.json	663	3	0	0	0	0	0	0	0	1	0	0	0	0	0	0	0	0	0	0	9	9	0	0	0	0	0	0
fsh-generated/resources/SearchParameter-AllergyIntolerance-category.json	505	3	0	0	0	0	0	0	0	5	0	0	0	0	0	0	0	0	0	0	13	6	0	0	0	1	0	0
fsh-generated/resources/SearchParameter-AllergyIntolerance-clinical-status.json	554	1	0	0	0	0	0	0	0	5	0	0	0	0	0	0	0	0	0	0	16	5	0	0	0	0	0	0
fsh-generated/resources/SearchParameter-AllergyIntolerance-id.json	506	2	1	0	0	0	0	0	1	5	0	0	0	0	0	0	0	0	0	0	20	6	0	0	0	0	0	0
fsh-generated/resources/SearchParameter-AllergyIntolerance-lastUpdated.json	556	1	0	0	0	0	0	0	0	5	0	0	0	0	0	0	0	0	0	0	17	5	0	0	0	0	0	0
fsh-generated/resources/SearchParameter-AllergyIntolerance-manifestation.json	543	2	0	0	0	0	0	0	0	4	0	0	0	0	0	0	0	0	0	0	11	5	0	0	0	1	0	0
fsh-generated/resources/SearchParameter-AllergyIntolerance-patient-family.json	554	1	0	0	0	0	0	0	0	4	0	0	0	0	0	0	0	0	0	0	12	6	0	0	0	0	0	0
fsh-generated/resources/SearchParameter-AllergyIntolerance-patient-identifier.json	553	2	0	0	0	0	0	0	0	4	0	0	0	0	0	0	0	0	0	0	12	5	0	0	0	0	0	0
fsh-generated/resources/SearchParameter-AllergyIntolerance-patient-name.json	543	1	0	0	0	0	0	0	0	4	0	0	0	0	0	0	0	0	0	0	12	8	0	0	0	0	0	0
fsh-generated/resources/SearchParameter-AllergyIntolerance-patient.given.json	550	2	0	0	0	0	0	0	0	5	0	0	0	0	0	0	0	0	0	0	16	8	0	0	0	0	0	0
fsh-generated/resources/SearchParameter-AllergyIntolerance-patient.json	504	1	0	0	0	0	0	0	0	2	0	0	0	0	0	0	0	0	0	0	15	6	0	0	0	1	0	0
fsh-generated/resources/SearchParameter-AllergyIntolerance-severity.json	513	2	0	0	0	0	0	0	0	3	0	0	0	0	0	0	0	0	0	0	11	5	0	0	0	0	0	0
fsh-generated/resources/SearchParameter-AllergyIntolerance-subject-family.json	560	1	0	0	0	0	0	0	0	3	0	0	0	0	0	0	0	0	0	0	17	7	0	0	0	0	0	0
fsh-generated/resources/SearchParameter-AllergyIntolerance-subject-given.json	554	2	0	0	0	0	0	0	0	3	0	0	0	0	0	0	0	0	0	0	12	6	0	0	0	0	0	0
fsh-generated/resources/SearchParameter-AllergyIntolerance-subject-identifier.json	568	1	0	0	0	0	0	0	0	3	0	0	0	0	0	0	0	0	0	0	16	7	0	0	0	0	0	0
fsh-generated/resources/SearchParameter-AllergyIntolerance-subject-name.json	551	2	0	0	0	0	0	0	0	2	0	0	0	0	0	0	0	0	0	0	14	6	0	0	0	1	0	0
fsh-generated/resources/SearchParameter-AllergyIntolerance-subject.json	512	2	1	0	0	0	0	0	0	3	0	0	0	0	0	0	0	0	0	0	10	6	0	0	0	0	0	0
fsh-generated/resources/SearchParameter-Condition-requester-family.json	515	1	0	0	0	0	0	0	0	2	0	0	0	0	0	0	0	0	0	0	27	5	0	0	0	0	0	0
fsh-generated/resources/SearchParameter-Condition-requester-given.json	511	2	0	0	0	0	0	0	0	3	0	0	0	0	0	0	0	0	0	0	11	5	0	0	0	0	0	0
fsh-generated/resources/SearchParameter-Encounter-address-city.json	472	3	0	0	0	0	0	0	0	2	0	0	0	0	0	0	0	0	0	0	10	6	0	0	0	0	0	0
fsh-generated/resources/SearchParameter-Encounter-address-country.json	493	2	0	0	0	0	0	0	0	4	0	0	0	0	0	0	0	0	0	0	12	5	0	0	0	0	0	0
fsh-generated/resources/SearchParameter-Encounter-address-postalcode.json	514	3	0	0	0	0	0	0	0	4	0	0	0	0	0	0	0	0	0	0	12	5	0	0	0	1	0	0
fsh-generated/resources/SearchParameter-Encounter-address-state.json	479	2	0	0	0	0	0	0	0	4	0	0	0	0	0	0	0	0	0	0	17	5	0	0	0	0	0	0
fsh-generated/resources/SearchParameter-Encounter-date.json	451	2	0	0	0	0	0	0	0	4	0	0	0	0	0	0	0	0	0	0	11	6	0	0	0	0	0	0
fsh-generated/resources/SearchParameter-Encounter-id.json	434	1	0	0	0	0	0	0	0	4	0	0	0	0	0	0	0	0	0	0	11	5	0	0	0	0	0	0
fsh-generated/resources/SearchParameter-Encounter-lastUpdated.json	484	2	0	0	0	0	0	0	0	5	0	0	0	0	0	0	0	0	0	0	10	5	0	0	0	0	0	0
fsh-generated/resources/SearchParameter-Encounter-location.json	471	2	0	0	0	0	0	0	0	3	0	0	0	0	0	0	0	0	0	0	15	5	0	0	0	1	0	0
fsh-generated/resources/SearchParameter-Encounter-participant-identifier.json	516	2	1	0	0	0	0	0	0	4	0	0	0	0	0	0	0	1	0	0	12	5	0	0	0	0	0	0
fsh-generated/resources/SearchParameter-Encounter-participant.family.json	517	3	0	0	0	0	0	0	0	4	0	0	0	0	0	0	0	0	0	0	14	5	0	0	0	0	0	0
fsh-generated/resources/SearchParameter-Encounter-participant.given.json	513	2	0	0	0	0	0	0	1	4	0	0	0	0	0	0	0	0	0	0	12	7	0	0	0	0	0	0
fsh-generated/resources/SearchParameter-Encounter-participant.json	487	2	0	0	0	0	0	0	0	4	0	0	0	0	0	0	0	0	0	0	11	5	0	0	0	0	0	0
fsh-generated/resources/SearchParameter-Encounter-participant.name.json	506	2	0	0	0	0	0	0	0	3	0	0	0	0	0	0	0	0	0	0	11	5	0	0	0	0	0	0
fsh-generated/resources/SearchParameter-Encounter-patient-identifier.json	491	3	0	0	0	0	0	0	0	3	0	0	0	0	0	0	0	0	0	0	12	6	0	0	0	1	0	0
fsh-generated/resources/SearchParameter-Encounter-patient-name.json	481	2	0	0	0	0	0	0	0	2	0	0	0	0	0	0	0	0	0	0	11	6	0	0	0	0	0	0
fsh-generated/resources/SearchParameter-Encounter-patient.family.json	492	3	0	0	0	0	0	0	0	3	0	0	0	0	0	0	0	0	0	0	10	4	0	0	0	0	0	0
fsh-generated/resources/SearchParameter-Encounter-patient.given.json	488	2	0	0	0	0	0	0	0	2	0	0	0	0	0	0	0	0	0	0	12	6	0	0	0	0	0	0
fsh-generated/resources/SearchParameter-Encounter-patient.json	442	3	0	0	0	0	0	0	0	3	0	0	0	0	0	0	0	0	0	0	11	6	0	0	0	0	0	0
fsh-generated/resources/SearchParameter-Encounter-subject-family.json	497	2	0	0	0	0	0	0	0	2	0	0	0	0	0	0	0	0	0	0	10	5	0	0	0	1	0	0
fsh-generated/resources/SearchParameter-Encounter-subject-given.json	491	3	0	0	0	0	0	0	0	2	0	0	0	0	0	0	0	0	0	0	11	5	0	0	0	0	0	0
fsh-generated/resources/SearchParameter-Encounter-subject-identifier.json	505	3	0	0	0	0	0	0	0	3	0	0	0	0	0	0	0	0	0	0	11	5	0	0	0	0	0	0
fsh-generated/resources/SearchParameter-Encounter-subject-name.json	488	2	0	0	0	0	0	0	0	2	0	0	0	0	0	0	0	0	0	0	10	5	0	0	0	0	0	0
fsh-generated/resources/SearchParameter-Encounter-subject.json	449	2	1	0	0	0	0	0	0	3	0	0	0	0	0	0	0	0	0	0	11	6	0	0	0	0	0	0
fsh-generated/resources/SearchParameter-Encounter-type.json	445	3	0	0	0	0	0	0	0	2	0	0	0	0	0	0	0	0	0	0	11	5	0	0	0	0	0	0
fsh-generated/resources/SearchParameter-MedicationRequest-id.json	500	2	0	0	0	0	0	0	0	2	0	0	0	0	0	0	0	0	0	0	10	6	0	0	0	1	0	0
fsh-generated/resources/SearchParameter-MedicationRequest-lastUpdated.json	554	3	0	0	0	0	0	0	0	3	0	0	0	0	0	0	0	0	0	0	11	5	0	0	0	0	0	0
fsh-generated/resources/SearchParameter-MedicationRequest-medication.json	515	2	0	0	0	0	0	0	0	2	0	0	0	0	0	0	0	0	0	0	11	5	0	0	0	0	0	0
fsh-generated/resources/SearchParameter-MedicationRequest-patient-identifier.json	546	3	0	0	0	0	0	0	0	3	0	0	0	0	0	0	0	0	0	0	12	6	0	0	0	2	0	0
fsh-generated/resources/SearchParameter-MedicationRequest-patient-name.json	536	1	0	0	0	0	0	0	0	2	0	0	0	0	0	0	0	0	0	0	12	6	0	0	0	0	0	0
fsh-generated/resources/SearchParameter-MedicationRequest-patient.family.json	547	2	0	0	0	0	0	0	0	3	0	0	0	0	0	0	0	0	0	0	13	5	0	0	0	0	0	0
fsh-generated/resources/SearchParameter-MedicationRequest-patient.given.json	543	2	0	0	0	0	0	0	0	2	0	0	0	0	0	0	0	0	0	0	10	5	0	0	0	1	0	0
fsh-generated/resources/SearchParameter-MedicationRequest-patient.json	497	1	0	0	0	0	0	0	0	3	0	0	0	0	0	0	0	0	0	0	10	5	0	0	0	0	0	0
fsh-generated/resources/SearchParameter-MedicationRequest-requestor-identifier.json	561	2	0	0	0	0	0	0	0	2	0	0	0	0	0	0	0	0	0	0	11	5	0	0	0	0	0	0
fsh-generated/resources/SearchParameter-MedicationRequest-requestor.family.json	562	1	0	0	0	0	0	0	0	2	0	0	0	0	0	0	0	0	0	0	11	5	0	0	0	0	0	0
fsh-generated/resources/SearchParameter-MedicationRequest-requestor.given.json	558	1	1	0	0	0	0	0	0	3	0	0	0	0	0	0	0	0	0	0	12	5	0	0	0	0	0	0
fsh-generated/resources/SearchParameter-MedicationRequest-requestor.json	520	2	0	0	0	0	0	0	1	4	0	0	0	0	0	0	0	0	0	0	11	6	0	0	0	1	0	0
fsh-generated/resources/SearchParameter-MedicationRequest-requestor.name.json	551	2	0	0	0	0	0	0	0	4	0	0	0	0	0	0	0	0	0	0	11	5	0	0	0	0	0	0
fsh-generated/resources/SearchParameter-MedicationRequest-subject-family.json	553	3	0	0	0	0	0	0	0	3	0	0	0	0	0	0	0	0	0	0	11	5	0	0	0	0	0	0
fsh-generated/resources/SearchParameter-MedicationRequest-subject-given.json	547	2	2	0	0	0	0	0	0	3	0	0	0	0	0	0	0	0	0	0	11	5	0	0	0	0	0	0
fsh-generated/resources/SearchParameter-MedicationRequest-subject-identifier.json	561	3	0	0	0	0	0	0	0	3	0	0	0	0	0	0	0	0	0	0	13	5	0	0	0	0	0	0
fsh-generated/resources/SearchParameter-MedicationRequest-subject-name.json	544	2	0	0	0	0	0	0	0	4	0	0	0	0	0	0	0	0	0	0	11	5	0	0	0	1	0	1
fsh-generated/resources/SearchParameter-MedicationRequest-subject.json	505	2	1	0	0	0	0	0	0	4	0	0	0	0	0	0	0	0	0	0	11	5	0	0	0	0	0	0
fsh-generated/resources/SearchParameter-Practitioner-address-city.json	493	2	0	0	0	0	0	0	0	4	0	0	0	0	0	0	0	0	0	0	11	6	0	0	0	0	0	0
fsh-generated/resources/SearchParameter-Practitioner-address-country.json	514	2	0	0	0	0	0	0	0	3	0	0	0	0	0	0	0	0	0	0	11	5	0	0	0	0	0	0
fsh-generated/resources/SearchParameter-Practitioner-address-postalcode.json	535	1	0	0	0	0	0	0	0	4	0	0	0	0	0	0	0	0	0	0	11	5	0	0	0	0	0	0
fsh-generated/resources/SearchParameter-Practitioner-address-state.json	500	1	0	0	0	0	0	0	0	4	0	0	0	0	0	0	0	0	0	0	10	5	0	0	0	0	0	0
fsh-generated/resources/SearchParameter-Practitioner-id.json	460	2	0	0	0	0	0	0	0	4	0	0	0	0	0	0	0	0	0	0	11	6	0	0	0	1	0	0
fsh-generated/resources/SearchParameter-Practitioner-identifier.json	490	1	0	0	0	0	0	0	0	4	0	0	0	0	0	0	0	0	0	0	11	4	0	0	0	0	0	0
fsh-generated/resources/SearchParameter-Practitioner-lastUpdated.json	514	2	0	0	0	0	0	0	0	4	0	0	0	0	0	0	0	0	0	0	11	6	0	0	0	0	0	0
fsh-generated/resources/SearchParameter-Practitioner.family.json	491	1	1	0	0	0	0	0	0	4	0	0	0	0	0	0	0	0	0	0	11	5	0	0	0	0	0	0
fsh-generated/resources/SearchParameter-Practitioner.given.json	487	2	0	0	0	0	0	0	0	3	0	0	0	0	0	0	0	0	0	0	11	5	0	0	0	0	0	0
fsh-generated/resources/SearchParameter-Practitioner.name.json	480	1	0	0	0	0	0	0	0	4	0	0	0	0	0	0	0	0	0	0	11	5	0	0	0	1	0	0
fsh-generated/resources/SearchParameter-Task-basedOn.json	443	2	0	0	0	0	0	0	0	4	0	0	0	0	0	0	0	0	0	0	10	4	0	0	0	0	0	0
fsh-generated/resources/SearchParameter-Task-id.json	394	1	0	0	0	0	0	0	0	4	0	0	0	0	0	0	0	0	0	0	11	5	0	0	0	0	0	0
fsh-generated/resources/SearchParameter-Task-lastUpdated.json	444	1	0	0	0	0	0	0	0	4	0	0	0	0	0	0	0	0	0	0	11	5	0	0	0	0	0	0
fsh-generated/resources/SearchParameter-Task-owner.json	415	2	0	0	0	0	0	0	0	4	0	0	0	0	0	0	0	0	0	0	10	5	0	0	0	0	0	0
fsh-generated/resources/SearchParameter-Task-status.json	421	1	1	0	0	0	0	0	0	4	0	0	0	0	0	0	0	0	0	0	10	5	0	0	0	1	0	0
fsh-generated/resources/SearchParameter-condition-clinical-status.json	509	2	0	0	0	0	0	0	0	4	0	0	0	0	0	0	0	0	0	0	11	5	0	0	0	0	0	0
fsh-generated/resources/SearchParameter-condition-code.json	432	1	0	0	0	0	0	0	0	3	0	0	0	0	0	0	0	0	0	0	10	5	0	0	0	0	0	0
fsh-generated/resources/SearchParameter-condition-encounter.json	458	2	0	0	0	0	0	0	0	4	0	0	0	0	0	0	0	0	0	0	13	6	0	0	0	0	0	0
fsh-generated/resources/SearchParameter-condition-id.json	410	1	0	0	0	0	0	0	0	4	0	0	0	0	0	0	0	0	0	0	10	5	0	0	0	0	0	0
fsh-generated/resources/SearchParameter-condition-lastUpdated.json	475	2	0	0	0	0	0	0	0	4	0	0	0	0	0	0	0	0	0	0	12	5	0	0	0	1	0	0
fsh-generated/resources/SearchParameter-condition-occurrence.json	452	1	0	0	0	0	0	0	1	4	0	0	0	0	0	0	0	0	0	0	10	4	0	0	0	0	0	0
fsh-generated/resources/SearchParameter-condition-onset-age.json	454	2	0	0	0	0	0	0	0	4	0	0	0	0	0	0	0	0	0	0	11	5	0	0	0	0	0	0
fsh-generated/resources/SearchParameter-condition-onset-date.json	466	1	1	0	0	0	0	0	0	2	0	0	0	0	0	0	0	0	0	0	11	44	0	0	0	0	0	0
fsh-generated/resources/SearchParameter-condition-patient-identifier.json	497	1	0	0	0	0	0	0	0	3	0	0	0	0	0	0	0	0	0	0	11	5	0	0	0	0	0	0
fsh-generated/resources/SearchParameter-condition-patient-name.json	481	2	0	0	0	0	0	0	0	4	0	0	0	0	0	0	0	0	0	0	11	5	0	0	0	0	0	0
fsh-generated/resources/SearchParameter-condition-patient.family.json	491	1	0	0	0	0	0	0	0	4	0	0	0	0	0	0	0	0	0	0	11	7	0	0	0	2	0	0
fsh-generated/resources/SearchParameter-condition-patient.given.json	487	2	0	0	0	0	0	0	0	4	0	0	0	0	0	0	0	0	0	0	12	5	0	0	0	1	0	0
fsh-generated/resources/SearchParameter-condition-patient.json	439	1	0	0	0	0	0	0	0	3	0	0	0	0	0	0	0	0	0	0	15	7	0	0	0	0	0	0
fsh-generated/resources/SearchParameter-condition-recorded-date.json	476	2	0	0	0	0	0	0	0	4	0	0	0	0	0	0	0	0	0	0	12	8	0	0	0	0	0	0
fsh-generated/resources/SearchParameter-condition-requester-identifier.json	525	1	0	0	0	0	0	0	0	4	0	0	0	0	0	0	0	0	0	0	13	7	0	0	0	0	0	0
fsh-generated/resources/SearchParameter-condition-requester-name.json	508	1	0	0	0	0	0	0	0	4	0	0	0	0	0	0	0	0	0	0	12	8	0	0	0	0	0	0
fsh-generated/resources/SearchParameter-condition-requester.json	476	2	1	0	0	0	0	0	0	4	0	0	0	0	0	0	0	0	0	0	13	7	0	0	0	1	0	0
fsh-generated/resources/SearchParameter-condition-subject-family.json	497	1	0	0	0	0	0	0	0	3	0	0	0	0	0	0	0	0	0	0	11	9	0	0	0	0	0	0
fsh-generated/resources/SearchParameter-condition-subject-given.json	491	2	0	0	0	0	0	0	0	4	0	0	0	0	0	0	0	0	0	0	12	7	0	0	0	0	0	0
fsh-generated/resources/SearchParameter-condition-subject-identifier.json	505	1	0	0	0	0	0	0	0	5	0	0	0	0	0	0	0	0	0	0	11	8	0	0	0	0	0	0
fsh-generated/resources/SearchParameter-condition-subject-name.json	488	2	0	0	0	0	0	0	0	4	0	0	0	0	0	0	0	0	0	0	12	8	0	0	0	0	0	0
fsh-generated/resources/SearchParameter-condition-subject.json	449	1	0	0	0	0	0	0	0	3	0	0	0	0	0	0	0	0	0	0	14	7	0	0	0	0	0	0
fsh-generated/resources/SearchParameter-group-Search-entity-paramenter.json	437	1	0	0	0	0	0	0	0	4	0	0	0	0	0	0	0	0	0	0	11	8	0	0	0	1	0	0
fsh-generated/resources/SearchParameter-location-address-city.json	465	2	1	0	0	0	0	0	0	4	0	0	0	0	0	0	0	0	0	0	11	7	0	0	0	0	0	0
fsh-generated/resources/SearchParameter-location-address-country.json	486	1	0	0	0	0	0	0	0	4	0	0	0	0	0	0	0	0	0	0	10	6	0	0	0	0	0	0
fsh-generated/resources/SearchParameter-location-address-postalcode.json	507	2	0	0	0	0	0	0	0	4	0	0	0	0	0	0	0	0	0	0	11	5	0	0	0	0	0	0
fsh-generated/resources/SearchParameter-location-address-state.json	472	1	0	0	0	0	0	0	0	4	0	0	0	0	0	0	0	0	0	0	16	5	0	0	0	0	0	0
fsh-generated/resources/SearchParameter-location-id.json	425	2	0	0	0	0	0	0	0	4	0	0	0	0	0	0	0	0	0	0	13	8	0	0	0	1	0	0
fsh-generated/resources/SearchParameter-location-lastUpdated.json	476	1	0	0	0	0	0	0	0	4	0	0	0	0	0	0	0	0	0	0	11	7	0	0	0	0	0	0
fsh-generated/resources/SearchParameter-location-name.json	425	1	0	0	0	0	0	0	0	4	0	0	0	0	0	0	0	0	0	0	10	8	0	0	0	0	0	0
fsh-generated/resources/SearchParameter-location-partof-name.json	488	2	0	0	0	0	0	0	0	3	0	0	0	0	0	0	0	0	0	0	12	8	0	0	0	0	0	0
fsh-generated/resources/SearchParameter-location-partof.json	445	1	0	0	0	0	0	0	1	4	0	0	0	0	0	0	0	0	0	0	12	8	0	0	0	0	0	0
fsh-generated/resources/SearchParameter-location-tag.json	419	2	0	0	0	0	0	0	0	4	0	0	0	0	0	0	0	0	0	0	10	7	0	0	1	0	0	0
fsh-generated/resources/SearchParameter-observation-category.json	463	1	1	0	0	0	0	0	0	2	0	0	0	0	0	0	0	0	0	0	12	7	0	0	0	1	0	0
fsh-generated/resources/SearchParameter-observation-concept-code.json	460	3	0	0	0	0	0	0	0	3	0	0	0	0	0	0	0	0	0	0	13	11	0	0	0	0	0	0
fsh-generated/resources/SearchParameter-observation-date.json	443	3	0	0	0	0	0	0	0	3	0	0	0	0	0	0	0	0	0	0	11	8	0	0	0	0	0	0
fsh-generated/resources/SearchParameter-observation-encounter.json	470	2	0	0	0	0	0	0	0	2	0	0	0	0	0	0	0	0	0	0	12	7	0	0	0	0	0	0
fsh-generated/resources/SearchParameter-observation-has-member-code.json	518	3	0	0	0	0	0	0	0	4	0	0	0	0	0	0	0	0	0	0	12	8	0	0	0	0	0	0
fsh-generated/resources/SearchParameter-observation-has-member.json	473	2	0	0	0	0	0	0	0	4	0	0	0	0	0	0	0	0	0	0	12	7	0	0	0	0	0	0
fsh-generated/resources/SearchParameter-observation-id.json	431	2	0	0	0	0	0	0	0	2	0	0	0	0	0	0	0	0	0	0	11	8	0	0	0	1	0	0
fsh-generated/resources/SearchParameter-observation-lastUpdated.json	498	2	1	0	0	0	0	0	0	3	0	0	0	0	0	0	0	0	0	0	12	7	0	0	0	0	0	0
fsh-generated/resources/SearchParameter-observation-patient-identifier.json	505	1	0	0	0	0	0	0	0	2	0	0	0	0	0	0	0	0	0	0	11	8	0	0	0	0	0	0
fsh-generated/resources/SearchParameter-observation-patient-name.json	495	2	0	0	0	0	0	0	0	3	0	0	0	0	0	0	0	0	0	0	15	8	0	0	0	0	0	0
fsh-generated/resources/SearchParameter-observation-patient.family.json	506	1	0	0	0	0	0	0	0	2	0	0	0	0	0	0	0	0	0	0	12	7	0	0	0	0	0	0
fsh-generated/resources/SearchParameter-observation-patient.given.json	502	2	0	0	0	0	0	0	0	3	0	0	0	0	0	0	0	0	0	0	12	5	0	0	0	1	0	0
fsh-generated/resources/SearchParameter-observation-patient.json	449	1	0	0	0	0	0	0	0	2	0	0	0	0	0	0	0	0	0	0	12	5	0	0	0	0	0	0
fsh-generated/resources/SearchParameter-observation-subject-family.json	512	1	0	0	0	0	0	0	0	2	0	0	0	0	0	0	0	0	0	0	11	6	0	0	0	0	0	0
fsh-generated/resources/SearchParameter-observation-subject-given.json	506	2	1	0	0	0	0	0	0	3	0	0	0	0	0	0	0	0	0	0	12	5	0	0	0	0	0	0
fsh-generated/resources/SearchParameter-observation-subject-identifier.json	520	2	0	0	0	0	0	0	0	2	0	0	0	0	0	0	0	0	0	0	11	5	0	0	0	0	0	0
fsh-generated/resources/SearchParameter-observation-subject-name.json	503	1	0	0	0	0	0	0	0	2	0	0	0	0	0	0	0	0	0	0	12	5	0	0	0	0	0	0
fsh-generated/resources/SearchParameter-observation-subject.json	464	2	0	0	0	0	0	0	0	3	0	0	0	0	0	0	0	0	0	0	10	4	0	0	0	1	0	0
fsh-generated/resources/SearchParameter-observation-value-concept.json	524	2	0	0	0	0	0	0	0	2	0	0	0	0	0	0	0	0	0	0	13	5	0	0	0	0	0	0
fsh-generated/resources/SearchParameter-observation-value-date.json	495	2	0	0	0	0	0	0	0	3	0	0	0	0	0	0	0	1	0	0	10	5	0	0	0	0	0	0
fsh-generated/resources/SearchParameter-patient-address-city.json	459	3	1	0	0	0	0	0	0	2	0	0	0	0	0	0	0	0	0	0	12	9	0	0	0	0	0	0
fsh-generated/resources/SearchParameter-patient-address-country.json	472	1	0	0	0	0	0	0	0	2	0	0	0	0	0	0	0	0	0	0	11	7	0	0	0	0	0	0
fsh-generated/resources/SearchParameter-patient-address-postalcode.json	494	2	0	0	0	0	0	0	0	3	0	0	0	0	0	0	0	0	0	0	11	6	0	0	0	0	0	0
fsh-generated/resources/SearchParameter-patient-address-state.json	466	1	0	0	0	0	0	0	0	2	0	0	0	0	0	0	0	0	0	0	13	7	0	0	0	1	0	0
fsh-generated/resources/SearchParameter-patient-birthdate.json	427	2	0	0	0	0	0	0	1	2	0	0	0	0	0	0	0	0	0	0	11	8	0	0	0	0	0	0
fsh-generated/resources/SearchParameter-patient-death-date.json	446	1	0	0	0	0	0	0	0	2	0	0	0	0	0	0	0	0	0	0	10	5	0	0	0	0	0	0
fsh-generated/resources/SearchParameter-patient-deceased.json	480	2	0	0	0	0	0	0	0	3	0	0	0	0	0	0	0	0	0	0	11	8	0	0	0	0	0	0
fsh-generated/resources/SearchParameter-patient-gender.json	486	1	0	0	0	0	0	0	0	2	0	0	0	0	0	0	0	0	0	0	11	4	0	0	0	0	0	0
fsh-generated/resources/SearchParameter-patient-id.json	408	2	1	0	0	0	0	0	0	2	0	0	0	0	0	0	0	0	0	0	10	7	0	0	0	1	0	0
fsh-generated/resources/SearchParameter-patient-lastUpdated.json	485	1	0	0	0	0	0	0	0	3	0	0	0	0	0	0	0	0	0	0	11	7	0	0	0	0	0	0
fsh-generated/resources/SearchParameter-patient-name.json	423	2	0	0	0	0	0	0	0	2	0	0	0	0	0	0	0	0	0	0	10	4	0	0	0	0	0	0
fsh-generated/resources/SearchParameter-person-address-city.json	452	2	0	0	0	0	0	0	0	2	0	0	0	0	0	0	0	0	0	0	11	5	0	0	0	0	0	0
fsh-generated/resources/SearchParameter-person-address-country.json	465	3	0	0	0	0	0	0	0	2	0	0	0	0	0	0	0	0	0	0	11	5	0	0	0	0	0	0
fsh-generated/resources/SearchParameter-person-address-postalcode.json	487	3	0	0	0	0	0	0	0	2	0	0	0	0	0	0	0	0	0	0	10	5	0	0	0	0	0	0
fsh-generated/resources/SearchParameter-person-address-state.json	460	2	0	0	0	0	0	0	0	3	0	0	0	0	0	0	0	0	0	0	11	5	0	0	0	1	0	0
fsh-generated/resources/SearchParameter-person-birthdate.json	420	3	1	0	0	0	0	0	0	2	0	0	0	0	0	0	0	0	0	0	14	8	0	0	0	0	0	0
fsh-generated/resources/SearchParameter-person-gender.json	479	2	0	0	0	0	0	0	0	2	0	0	0	0	0	0	0	0	0	0	14	7	0	0	0	0	0	0
fsh-generated/resources/SearchParameter-person-id.json	401	3	0	0	0	0	0	0	0	2	0	0	0	0	0	0	0	0	0	0	10	8	0	0	0	0	0	0
fsh-generated/resources/SearchParameter-person-lastUpdated.json	478	2	0	0	0	0	0	0	0	3	0	0	0	0	0	0	0	0	0	0	11	7	0	0	0	0	0	0
fsh-generated/resources/SearchParameter-person-name.json	406	2	0	0	0	0	0	0	0	2	0	0	0	0	0	0	0	0	0	0	10	7	0	0	0	0	0	0
fsh-generated/resources/SearchParameter-relatedperson-active.json	404	2	0	0	0	0	0	0	0	2	0	0	0	0	0	0	0	0	0	0	12	8	0	0	0	1	0	0
fsh-generated/resources/SearchParameter-relatedperson-address-city.json	424	2	0	0	0	0	0	0	0	2	0	0	0	0	0	0	0	0	0	0	12	6	0	0	0	0	0	0
fsh-generated/resources/SearchParameter-relatedperson-address-country.json	439	3	0	0	0	0	0	0	0	2	0	0	0	0	0	0	0	0	0	0	15	7	0	0	0	0	0	0
fsh-generated/resources/SearchParameter-relatedperson-address-postalcode.json	455	2	0	0	0	0	0	0	0	3	0	0	0	0	0	0	0	0	0	0	14	5	0	0	0	0	0	0
fsh-generated/resources/SearchParameter-relatedperson-address-state.json	429	2	1	0	0	0	0	0	0	2	0	0	0	0	0	0	0	0	0	0	15	5	0	0	0	0	0	0
fsh-generated/resources/SearchParameter-relatedperson-address.json	512	2	0	0	0	0	0	0	0	2	0	0	0	0	0	0	0	0	0	0	18	5	0	0	0	1	0	0
fsh-generated/resources/SearchParameter-relatedperson-birthdate.json	412	3	0	0	0	0	0	0	0	3	0	0	0	0	0	0	0	0	0	0	14	4	0	0	0	0	0	0
fsh-generated/resources/SearchParameter-relatedperson-family.json	407	2	0	0	0	0	0	0	0	2	0	0	0	0	0	0	0	0	0	0	16	5	0	0	0	0	0	0
fsh-generated/resources/SearchParameter-relatedperson-gender.json	398	3	0	0	0	0	0	0	0	2	0	0	0	0	0	0	0	0	0	0	15	8	0	0	0	0	0	0
fsh-generated/resources/SearchParameter-relatedperson-given.json	402	2	0	0	0	0	0	0	1	2	0	0	0	0	0	0	0	0	0	0	14	4	0	0	0	0	0	0
fsh-generated/resources/SearchParameter-relatedperson-identifier.json	406	2	0	0	0	0	0	0	0	2	0	0	0	0	0	0	0	0	0	0	15	5	0	0	0	0	0	0
fsh-generated/resources/SearchParameter-relatedperson-name.json	389	3	0	0	0	0	0	0	0	3	0	0	0	0	0	0	0	0	0	0	14	5	0	0	0	1	0	0
fsh-generated/resources/SearchParameter-relatedperson-patient.json	409	2	0	0	0	0	0	0	0	2	0	0	0	0	0	0	0	0	0	0	13	5	0	0	0	0	0	0
fsh-generated/resources/SearchParameter-serviceRequest-code.json	472	3	1	0	0	0	0	0	0	2	0	0	0	0	0	0	0	0	0	0	11	5	0	0	0	0	0	0
fsh-generated/resources/SearchParameter-serviceRequest-encounter.json	498	2	0	0	0	0	0	0	0	2	0	0	0	0	0	0	0	0	0	0	12	5	0	0	0	0	0	0
fsh-generated/resources/SearchParameter-serviceRequest-id.json	445	2	0	0	0	0	0	0	0	3	0	0	0	0	0	0	0	0	0	0	12	5	0	0	0	0	0	0
fsh-generated/resources/SearchParameter-serviceRequest-lastUpdated.json	510	3	0	0	0	0	0	0	0	2	0	0	0	0	0	0	0	0	0	0	12	5	0	0	0	0	0	0
fsh-generated/resources/SearchParameter-serviceRequest-occurrence.json	487	2	0	0	0	0	0	0	0	3	0	0	0	0	0	0	0	0	0	0	10	5	0	0	0	1	0	0
fsh-generated/resources/SearchParameter-serviceRequest-patient-identifier.json	532	2	0	0	0	0	0	0	0	4	0	0	0	0	0	0	0	0	0	0	11	4	0	0	0	0	0	0
fsh-generated/resources/SearchParameter-serviceRequest-patient-name.json	515	2	0	0	0	0	0	0	0	2	0	0	0	0	0	0	0	0	0	0	13	5	0	0	0	0	0	0
fsh-generated/resources/SearchParameter-serviceRequest-patient.family.json	526	2	1	0	0	0	0	0	0	2	0	0	0	0	0	0	0	0	0	0	12	5	0	0	0	0	0	0
fsh-generated/resources/SearchParameter-serviceRequest-patient.given.json	522	2	0	0	0	0	0	0	0	4	0	0	0	0	0	0	0	0	0	0	11	5	0	0	0	0	0	0
fsh-generated/resources/SearchParameter-serviceRequest-patient.json	474	1	0	0	0	0	0	0	0	4	0	0	0	0	0	0	0	0	0	0	10	8	0	0	0	1	0	0
fsh-generated/resources/SearchParameter-serviceRequest-requester-family.json	550	2	0	0	0	0	0	0	0	4	0	0	0	0	0	0	0	0	0	0	12	7	0	0	0	0	0	0
fsh-generated/resources/SearchParameter-serviceRequest-requester-given.json	546	1	0	0	0	0	0	0	0	3	0	0	0	0	0	0	0	0	0	0	12	5	0	0	0	0	0	0
fsh-generated/resources/SearchParameter-serviceRequest-requester-identifier.json	560	2	0	0	0	0	0	0	0	4	0	0	0	0	0	0	0	0	0	0	11	8	0	0	0	0	0	0
fsh-generated/resources/SearchParameter-serviceRequest-requester-name.json	543	2	0	0	0	0	0	0	0	4	0	0	0	0	0	0	0	0	0	0	12	7	0	0	0	0	0	0
fsh-generated/resources/SearchParameter-serviceRequest-requester.json	520	2	1	0	0	0	0	0	1	4	0	0	0	0	0	0	0	0	0	0	13	6	0	0	0	1	0	0
fsh-generated/resources/SearchParameter-serviceRequest-subject-family.json	532	2	0	0	0	0	0	0	0	3	0	0	0	0	0	0	0	0	0	0	12	6	0	0	0	0	0	0
fsh-generated/resources/SearchParameter-serviceRequest-subject-given.json	526	2	0	0	0	0	0	0	0	4	0	0	0	0	0	0	0	0	0	0	11	7	0	0	0	0	0	0
fsh-generated/resources/SearchParameter-serviceRequest-subject-identifier.json	540	2	0	0	0	0	0	0	0	4	0	0	0	0	0	0	0	0	0	0	11	8	0	0	0	0	0	0
fsh-generated/resources/SearchParameter-serviceRequest-subject-name.json	523	2	0	0	0	0	0	0	0	4	0	0	0	0	0	0	0	0	0	0	14	8	0	0	0	0	0	0
fsh-generated/resources/SearchParameter-serviceRequest-subject.json	484	6	0	0	0	0	0	0	0	3	0	0	0	0	0	0	0	0	0	0	13	7	0	0	0	0	0	0
fsh-generated/resources/ServiceRequest-caec0cba-3802-4b70-a6dd-2eb064450763.json	660	3	0	0	0	0	0	0	0	76	0	0	0	0	0	0	0	0	0	0	8	16	0	0	0	0	0	0
fsh-generated/resources/StructureDefinition-OpenMRS-diagnostic-report.json	3550	3	0	0	0	0	0	129	0	33	0	0	0	0	0	0	0	1	0	0	208	1394	0	0	0	6	1	1
fsh-generated/resources/StructureDefinition-OpenMRS-observation.json	5479	4	0	0	0	0	0	28	0	21	0	0	0	0	0	0	0	1	0	0	360	582	0	0	0	9	0	1
fsh-generated/resources/StructureDefinition-OpenMRS-service-request.json	4936	3	1	0	0	0	0	31	0	19	0	0	0	0	0	0	0	0	0	0	242	469	0	0	0	7	0	0
fsh-generated/resources/StructureDefinition-OpenMRS-task.json	4469	3	0	0	0	0	0	146	0	18	0	0	0	0	0	0	0	1	0	0	294	553	0	0	0	7	0	0
fsh-generated/resources/StructureDefinition-omrs-AllergyIntolerance.json	5331	3	0	0	0	0	0	39	0	18	0	0	0	0	0	1	0	1	0	0	254	397	0	0	0	9	0	1
fsh-generated/resources/StructureDefinition-omrs-Condition.json	4456	3	0	0	0	0	0	39	0	18	0	0	0	0	0	0	0	1	0	0	246	355	0	0	0	6	0	0
fsh-generated/resources/StructureDefinition-omrs-address.json	604	3	0	0	0	0	0	22	0	8	0	0	0	0	0	0	0	0	0	0	62	156	0	0	0	2	0	0
fsh-generated/resources/StructureDefinition-omrs-encounter.json	3957	2	0	0	0	0	0	36	0	59	0	0	0	0	0	0	0	1	0	0	346	777	0	0	0	9	0	1
fsh-generated/resources/StructureDefinition-omrs-group-description-ext.json	1300	3	0	0	0	0	0	19	0	7	0	0	0	0	0	0	0	0	0	0	48	135	0	0	0	1	0	0
fsh-generated/resources/StructureDefinition-omrs-group.json	3044	3	0	0	0	0	0	23	0	13	0	0	0	0	0	0	0	0	0	0	163	276	0	0	0	4	0	0
fsh-generated/resources/StructureDefinition-omrs-immunization.json	7795	3	0	0	0	0	0	44	0	28	0	0	1	0	0	0	0	1	0	0	369	417	0	0	0	9	0	0
fsh-generated/resources/StructureDefinition-omrs-location-contact-point.json	800	2	1	0	0	0	0	15	0	5	0	0	0	0	0	0	0	1	0	0	55	117	0	0	0	2	0	0
fsh-generated/resources/StructureDefinition-omrs-location.json	5039	2	0	0	0	0	0	9	0	14	0	0	0	0	0	0	0	0	0	0	285	395	0	0	0	7	0	1
fsh-generated/resources/StructureDefinition-omrs-medication-request.json	6398	4	0	0	0	0	0	24	0	14	0	0	0	0	0	0	0	1	0	0	324	555	0	0	0	9	0	0
fsh-generated/resources/StructureDefinition-omrs-medication.json	2700	2	0	0	0	0	0	10	0	7	0	0	0	0	0	0	0	0	0	0	162	232	0	0	0	4	0	0
fsh-generated/resources/StructureDefinition-omrs-patient-identifier-location.json	1516	3	0	0	0	0	0	2	0	5	0	0	0	0	0	0	0	0	0	0	50	107	0	1	0	1	1	0
fsh-generated/resources/StructureDefinition-omrs-patient-identifier.json	1083	3	0	0	0	0	0	3	0	7	0	0	0	0	0	0	0	0	0	0	67	134	0	0	0	2	0	1
fsh-generated/resources/StructureDefinition-omrs-patient.json	3889	3	0	0	0	0	0	7	0	10	0	0	0	0	0	0	0	1	0	0	229	348	0	0	0	6	0	0
fsh-generated/resources/StructureDefinition-omrs-person.json	3339	3	0	0	0	0	0	8	0	7	0	0	0	0	0	0	0	0	0	0	147	199	0	0	0	4	0	0
fsh-generated/resources/StructureDefinition-omrs-practitioner.json	3285	3	0	0	0	0	0	5	0	7	0	0	0	0	0	0	0	0	0	0	152	208	0	0	0	4	0	0
fsh-generated/resources/StructureDefinition-omrs-related-person.json	4061	3	0	0	0	0	0	18	0	11	0	0	0	0	0	0	0	1	0	0	241	311	0	0	0	7	0	1
fsh-generated/resources/StructureDefinition-omrsmedication-dispense.json	8869	3	0	0	0	0	0	16	0	19	0	0	1	0	0	0	0	0	0	0	330	383	0	0	0	8	0	0
fsh-generated/resources/Task-e8f8d71a-6c14-4105-b6fe-30f3cf6b7dc9.json	696	3	1	0	0	0	0	0	1	3	0	0	0	0	0	0	0	0	0	0	10	27	0	0	0	0	0	0
fsh-generated/resources/ValueSet-OpenMRS-order-code-vs.json	412	3	0	0	0	0	0	0	0	87	0	0	0	0	0	0	0	0	0	0	9	6067	0	0	0	0	0	0
